{
  ".hallo": "Hallo! Wie kann ich dir weiterhelfen?",
  ".komme": "Hallo, ich schaue mir das Ganze einmal an.",
  ".nix": "Ich konnte hier keinen Regelversto\u00DF feststellen. Falls du trotzdem etwas melden m\u00F6chtest, erstelle gerne einen Clip davon und poste ihn im Forum.",
  ".weiter": "Gibt es sonst noch etwas, bei dem ich dir behilflich sein kann?",
  ".close": "Solltest du weitere Fragen oder Anliegen haben, er\u00F6ffne gerne ein neues Ticket. Ich w\u00FCnsche dir noch viel Spa\u00DF!",
  ".afk": "Da das Ticket seit \u00FCber drei Minuten inaktiv ist, wird es nun geschlossen. Sollte noch Kl\u00E4rungsbedarf bestehen, er\u00F6ffne bitte ein neues Ticket.",
  ".bel": "Da dein Ton beleidigend wirkt, schlie\u00DFe ich dieses Ticket hiermit. Bei weiteren Fragen kannst du gerne ein neues Ticket er\u00F6ffnen.",
  ".aktuell": "Besteht das Problem aktuell noch?",
  ".clip": "Hey, ich werde mir den Clip ansehen. Bitte warte einen Moment.",
  ".offline": "Da du offline bist, werde ich das Ticket nun schlie\u00DFen. Solltest du unbeantwortete Fragen haben, kannst du jederzeit ein neues Ticket er\u00F6ffnen. Ein Admin wird sich dann darum k\u00FCmmern.",
  ".ingameticket": "Deine Ingame-Beschwerde entspricht nicht den Vorgaben des offiziellen Leitfadens. Bitte reiche die Beschwerde \u00FCberarbeitet erneut ein.",
  ".danke": "Danke f\u00FCr deine Meldung! Wir k\u00FCmmern uns darum.",
  ".abeschwerde": "Hey, wenn du mit meiner Bestrafung nicht zufrieden bist, kannst du eine Adminbeschwerde einreichen.",
  ".bestraft": "Der Spieler wird entsprechend sanktioniert. Gibt es noch ein weiteres Anliegen?",
  ".leitfaden": "Hier findest du den Leitfaden zum Einreichen von Ingame-Beschwerden: https://forum.gta5majestic.com/threads/leitfaden-fur-das-einreichen-von-ingame-ticketbeschwerden.121379/",
  ".bug": "Hallo, das ist aktuell ein Bug. Es wird bereits an dem Problem gearbeitet!",
  ".zone1": "/ctp -1489.059 -2540.222 131.843",
  ".zone2": "/ctp -358.864 -2011.856 143.719",
  ".zone3": "/ctp 431.740 -1759.403 125.650",
  ".zone4": "/ctp 790.522 -3024.896 115.665",
  ".zone5": "/ctp -66.069 -1446.526 156.528",
  ".zone6": "/ctp -54.234 -863.684 185.993",
  ".zone7": "/ctp 617.340 -915.663 120.975",
  ".zone8": "/ctp 388.040 -514.344 143.468",
  ".zone9": "/ctp 542.153 102.930 180.629",
  ".zone10": "/ctp 1361.761 -171.007 168.777",
  ".zone11": "/ctp 1101.621 215.015 163.122",
  ".zone12": "/ctp -439.681 -116.323 176.120",
  ".zone13": "/ctp -1602.666 173.264 114.744",
  ".zone14": "/ctp -2996.740 568.363 71.142",
  ".zone15": "/ctp -884.932 4393.844 181.166",
  ".zone16": "/ctp 1408.422 1083.234 228.478",
  ".zone17": "/ctp 1173.343 -1259.983 113.757",
  ".zone18": "/ctp 2960.787 2785.126 104.857",
  ".zone19": "/ctp 1782.990 3770.737 161.847",
  ".zone20": "/ctp 2902.415 4103.483 112.279",
  ".zone21": "/ctp -884.932 4393.844 181.166",
  ".zone22": "/ctp 2233.716 5011.577 288.512",
  ".zone23": "/ctp -106.969 6408.003 113.466",
  ".lcn": "/ctp 1385 1154 114.40",
  ".bloods": "/ctp 496 -1330 29.40",
  ".lost": "/ctp 969.84 -128.40 74.40",
  ".aod": "/ctp 1995.99 3062.44 47.06",
  ".tptaxi": "/ctp 905.873 -182.840 74.113",
  ".tpm\u00FCll": "/ctp -432.708 -1705.689 19.018",
  ".tplkw": "/ctp 1185.185 -3250.850 6.029",
  ".tplkw2": "/ctp 74.213 6341.500 31.226",
  ".tppost": "/ctp -220.035 -907.442 31.220",
  ".tpbus": "/ctp -766 -2063 10",
  ".tpinkasso": "/ctp 1185.984 2691.326 37.798",
  ".hum": "/ctp 3569.54 3789.48 30",
  ".mbank": "/ctp -75 -818 326",
  ".casino": "/ctp 923.161 47.937 81.106",
  ".as": "/ctp -620 -2264 6",
  ".arena": "/ctp -257 -2023 30",
  ".burger": "/ctp -1171.31 -890.20 13.90",
  ".bagama": "/ctp -1391.30 -585.35 30",
  ".icayo": "/ctp 4488.58 -4493.52 4",
  ".avia": "/ctp 3035.21 -4688.55 15",
  ".mall": "/ctp 61.67 -1751.80 47",
  ".street": "/ctp 7400 3946 1124",
  ".auk": "/ctp -833 -699.50 27",
  ".box": "/ctp 8.56 -1658.55 28.71",
  ".bar": "/ctp -305.09 6259.59 30.92",
  ".bk": "/ctp 500.44 109.79 96.49",
  ".vanilla": "/ctp 131.33 -1302.93 29.23",
  ".repair": "/ctp -1430.45 -450.5 35.91",
  ".lsc4": "/ctp 1175.47 2671.33 37.85",
  ".port": "/ctp 417 -2501 13.46",
  ".str": "/ctp 1304 1453 98.87",
  ".wald": "/ctp -321 6093 31.14",
  ".bmara": "/ctp 1302 -1646 51.04",
  ".flug": "/ctp 1473 2730 37.38",
  ".service": "/ctp -51.316 -1077.890 29.904",
  ".villa": "/ctp 5011.070 -5750.629 32.853",
  ".haus": "/tph 123",
  ".ahq": "/ctp -147.48 -601.74 166.79"
}