{"Version":1,"ManifestType":"Publish","Endpoints":[{"Route":"css/styles.css","AssetFile":"css/styles.css","Selectors":[],"ResponseHeaders":[{"Name":"Cache-Control","Value":"no-cache"},{"Name":"Content-Length","Value":"9004"},{"Name":"Content-Type","Value":"text/css"},{"Name":"ETag","Value":"\"fdarE96+P/zlJCfSE7nblM1zMEnENjNV8YUpATUuJ/k=\""},{"Name":"Last-Modified","Value":"Mon, 19 Jan 2026 17:40:34 GMT"}],"EndpointProperties":[{"Name":"integrity","Value":"sha256-fdarE96+P/zlJCfSE7nblM1zMEnENjNV8YUpATUuJ/k="}]},{"Route":"css/styles.v5fjeuxp32.css","AssetFile":"css/styles.css","Selectors":[],"ResponseHeaders":[{"Name":"Cache-Control","Value":"max-age=31536000, immutable"},{"Name":"Content-Length","Value":"9004"},{"Name":"Content-Type","Value":"text/css"},{"Name":"ETag","Value":"\"fdarE96+P/zlJCfSE7nblM1zMEnENjNV8YUpATUuJ/k=\""},{"Name":"Last-Modified","Value":"Mon, 19 Jan 2026 17:40:34 GMT"}],"EndpointProperties":[{"Name":"fingerprint","Value":"v5fjeuxp32"},{"Name":"integrity","Value":"sha256-fdarE96+P/zlJCfSE7nblM1zMEnENjNV8YUpATUuJ/k="},{"Name":"label","Value":"css/styles.css"}]},{"Route":"index.bojmd33gd3.html","AssetFile":"index.html","Selectors":[],"ResponseHeaders":[{"Name":"Cache-Control","Value":"max-age=31536000, immutable"},{"Name":"Content-Length","Value":"2234"},{"Name":"Content-Type","Value":"text/html"},{"Name":"ETag","Value":"\"G1YX3ZzHJW8tV3wWgoRRxFLTvUcs/pMJ7yq4TR9nh54=\""},{"Name":"Last-Modified","Value":"Mon, 19 Jan 2026 01:06:23 GMT"}],"EndpointProperties":[{"Name":"fingerprint","Value":"bojmd33gd3"},{"Name":"integrity","Value":"sha256-G1YX3ZzHJW8tV3wWgoRRxFLTvUcs/pMJ7yq4TR9nh54="},{"Name":"label","Value":"index.html"}]},{"Route":"index.html","AssetFile":"index.html","Selectors":[],"ResponseHeaders":[{"Name":"Cache-Control","Value":"no-cache"},{"Name":"Content-Length","Value":"2234"},{"Name":"Content-Type","Value":"text/html"},{"Name":"ETag","Value":"\"G1YX3ZzHJW8tV3wWgoRRxFLTvUcs/pMJ7yq4TR9nh54=\""},{"Name":"Last-Modified","Value":"Mon, 19 Jan 2026 01:06:23 GMT"}],"EndpointProperties":[{"Name":"integrity","Value":"sha256-G1YX3ZzHJW8tV3wWgoRRxFLTvUcs/pMJ7yq4TR9nh54="}]},{"Route":"overlay.html","AssetFile":"overlay.html","Selectors":[],"ResponseHeaders":[{"Name":"Cache-Control","Value":"no-cache"},{"Name":"Content-Length","Value":"973"},{"Name":"Content-Type","Value":"text/html"},{"Name":"ETag","Value":"\"BwrgcuqJ2jEHNjJG6xKdDrBunrrkStwIFb88DHMAZoI=\""},{"Name":"Last-Modified","Value":"Tue, 20 Jan 2026 15:51:40 GMT"}],"EndpointProperties":[{"Name":"integrity","Value":"sha256-BwrgcuqJ2jEHNjJG6xKdDrBunrrkStwIFb88DHMAZoI="}]},{"Route":"overlay.jtma84esr9.html","AssetFile":"overlay.html","Selectors":[],"ResponseHeaders":[{"Name":"Cache-Control","Value":"max-age=31536000, immutable"},{"Name":"Content-Length","Value":"973"},{"Name":"Content-Type","Value":"text/html"},{"Name":"ETag","Value":"\"BwrgcuqJ2jEHNjJG6xKdDrBunrrkStwIFb88DHMAZoI=\""},{"Name":"Last-Modified","Value":"Tue, 20 Jan 2026 15:51:40 GMT"}],"EndpointProperties":[{"Name":"fingerprint","Value":"jtma84esr9"},{"Name":"integrity","Value":"sha256-BwrgcuqJ2jEHNjJG6xKdDrBunrrkStwIFb88DHMAZoI="},{"Name":"label","Value":"overlay.html"}]},{"Route":"sounds/airdrop.mp3","AssetFile":"sounds/airdrop.mp3","Selectors":[],"ResponseHeaders":[{"Name":"Cache-Control","Value":"no-cache"},{"Name":"Content-Length","Value":"10815"},{"Name":"Content-Type","Value":"audio/mpeg"},{"Name":"ETag","Value":"\"2EM0c/lJsfdk6Ixwk52IdBZsiLzCF48t8HB+FSBRy/I=\""},{"Name":"Last-Modified","Value":"Tue, 02 Dec 2025 01:49:52 GMT"}],"EndpointProperties":[{"Name":"integrity","Value":"sha256-2EM0c/lJsfdk6Ixwk52IdBZsiLzCF48t8HB+FSBRy/I="}]},{"Route":"sounds/airdrop.os95zw0com.mp3","AssetFile":"sounds/airdrop.mp3","Selectors":[],"ResponseHeaders":[{"Name":"Cache-Control","Value":"max-age=31536000, immutable"},{"Name":"Content-Length","Value":"10815"},{"Name":"Content-Type","Value":"audio/mpeg"},{"Name":"ETag","Value":"\"2EM0c/lJsfdk6Ixwk52IdBZsiLzCF48t8HB+FSBRy/I=\""},{"Name":"Last-Modified","Value":"Tue, 02 Dec 2025 01:49:52 GMT"}],"EndpointProperties":[{"Name":"fingerprint","Value":"os95zw0com"},{"Name":"integrity","Value":"sha256-2EM0c/lJsfdk6Ixwk52IdBZsiLzCF48t8HB+FSBRy/I="},{"Name":"label","Value":"sounds/airdrop.mp3"}]},{"Route":"sounds/drug.4k6pnc94ks.mp3","AssetFile":"sounds/drug.mp3","Selectors":[],"ResponseHeaders":[{"Name":"Cache-Control","Value":"max-age=31536000, immutable"},{"Name":"Content-Length","Value":"33436"},{"Name":"Content-Type","Value":"audio/mpeg"},{"Name":"ETag","Value":"\"dKSjIq2f2xVNXLoxMuhR1mFZTWr7wY3KHC5JOEG3PYM=\""},{"Name":"Last-Modified","Value":"Tue, 02 Dec 2025 01:49:52 GMT"}],"EndpointProperties":[{"Name":"fingerprint","Value":"4k6pnc94ks"},{"Name":"integrity","Value":"sha256-dKSjIq2f2xVNXLoxMuhR1mFZTWr7wY3KHC5JOEG3PYM="},{"Name":"label","Value":"sounds/drug.mp3"}]},{"Route":"sounds/drug.mp3","AssetFile":"sounds/drug.mp3","Selectors":[],"ResponseHeaders":[{"Name":"Cache-Control","Value":"no-cache"},{"Name":"Content-Length","Value":"33436"},{"Name":"Content-Type","Value":"audio/mpeg"},{"Name":"ETag","Value":"\"dKSjIq2f2xVNXLoxMuhR1mFZTWr7wY3KHC5JOEG3PYM=\""},{"Name":"Last-Modified","Value":"Tue, 02 Dec 2025 01:49:52 GMT"}],"EndpointProperties":[{"Name":"integrity","Value":"sha256-dKSjIq2f2xVNXLoxMuhR1mFZTWr7wY3KHC5JOEG3PYM="}]},{"Route":"stitch.juh0wekr2p.png","AssetFile":"stitch.png","Selectors":[],"ResponseHeaders":[{"Name":"Cache-Control","Value":"max-age=31536000, immutable"},{"Name":"Content-Length","Value":"14668"},{"Name":"Content-Type","Value":"image/png"},{"Name":"ETag","Value":"\"W3I9Izx4WoMcQ9dF/7CXC3evMmdoAf2QopxfIVuZILc=\""},{"Name":"Last-Modified","Value":"Tue, 02 Dec 2025 01:49:52 GMT"}],"EndpointProperties":[{"Name":"fingerprint","Value":"juh0wekr2p"},{"Name":"integrity","Value":"sha256-W3I9Izx4WoMcQ9dF/7CXC3evMmdoAf2QopxfIVuZILc="},{"Name":"label","Value":"stitch.png"}]},{"Route":"stitch.png","AssetFile":"stitch.png","Selectors":[],"ResponseHeaders":[{"Name":"Cache-Control","Value":"max-age=3600, must-revalidate"},{"Name":"Content-Length","Value":"14668"},{"Name":"Content-Type","Value":"image/png"},{"Name":"ETag","Value":"\"W3I9Izx4WoMcQ9dF/7CXC3evMmdoAf2QopxfIVuZILc=\""},{"Name":"Last-Modified","Value":"Tue, 02 Dec 2025 01:49:52 GMT"}],"EndpointProperties":[{"Name":"integrity","Value":"sha256-W3I9Izx4WoMcQ9dF/7CXC3evMmdoAf2QopxfIVuZILc="}]}]}